{
    "name": "root",
    "metadata": {
        "timer_format_version": "0.1.0",
        "start_time_seconds": "1618824137",
        "python_version": "3.7.3 (default, Oct  6 2020, 17:08:08) \n[GCC 7.5.0]",
        "command_line_arguments": "/home/jitesh/3d/Unity/projects/RL-Demo-0.3/venv/bin/mlagents-learn Assets/Config/config.yaml --train --force --run-id t6",
        "mlagents_version": "0.25.1",
        "mlagents_envs_version": "0.25.1",
        "communication_protocol_version": "1.5.0",
        "pytorch_version": "1.8.1+cu102",
        "numpy_version": "1.20.2",
        "end_time_seconds": "1618824353"
    },
    "total": 215.07661091000045,
    "count": 1,
    "self": 0.006316053004411515,
    "children": {
        "run_training.setup": {
            "total": 0.029260576993692666,
            "count": 1,
            "self": 0.029260576993692666
        },
        "TrainerController.start_learning": {
            "total": 215.04103428000235,
            "count": 1,
            "self": 0.2502332411677344,
            "children": {
                "TrainerController._reset_env": {
                    "total": 12.493423808999069,
                    "count": 1,
                    "self": 12.493423808999069
                },
                "TrainerController.advance": {
                    "total": 202.20415043783578,
                    "count": 13239,
                    "self": 0.13575793342897668,
                    "children": {
                        "env_step": {
                            "total": 202.0683925044068,
                            "count": 13239,
                            "self": 178.21907857069164,
                            "children": {
                                "SubprocessEnvManager._take_step": {
                                    "total": 23.715079429923207,
                                    "count": 13239,
                                    "self": 0.5951294904516544,
                                    "children": {
                                        "TorchPolicy.evaluate": {
                                            "total": 23.119949939471553,
                                            "count": 13214,
                                            "self": 8.144153367415129,
                                            "children": {
                                                "TorchPolicy.sample_actions": {
                                                    "total": 14.975796572056424,
                                                    "count": 13214,
                                                    "self": 14.975796572056424
                                                }
                                            }
                                        }
                                    }
                                },
                                "workers": {
                                    "total": 0.13423450379195856,
                                    "count": 13238,
                                    "self": 0.0,
                                    "children": {
                                        "worker_root": {
                                            "total": 169.6911086070104,
                                            "count": 13238,
                                            "is_parallel": true,
                                            "self": 45.93845830473583,
                                            "children": {
                                                "run_training.setup": {
                                                    "total": 0.0,
                                                    "count": 0,
                                                    "is_parallel": true,
                                                    "self": 0.0,
                                                    "children": {
                                                        "steps_from_proto": {
                                                            "total": 0.0006711669993819669,
                                                            "count": 1,
                                                            "is_parallel": true,
                                                            "self": 0.00032801699853735045,
                                                            "children": {
                                                                "_process_rank_one_or_two_observation": {
                                                                    "total": 0.00034315000084461644,
                                                                    "count": 4,
                                                                    "is_parallel": true,
                                                                    "self": 0.00034315000084461644
                                                                }
                                                            }
                                                        },
                                                        "UnityEnvironment.step": {
                                                            "total": 0.10959372499928577,
                                                            "count": 1,
                                                            "is_parallel": true,
                                                            "self": 8.34119928185828e-05,
                                                            "children": {
                                                                "UnityEnvironment._generate_step_input": {
                                                                    "total": 0.00010033800208475441,
                                                                    "count": 1,
                                                                    "is_parallel": true,
                                                                    "self": 0.00010033800208475441
                                                                },
                                                                "communicator.exchange": {
                                                                    "total": 0.1090716370017617,
                                                                    "count": 1,
                                                                    "is_parallel": true,
                                                                    "self": 0.1090716370017617
                                                                },
                                                                "steps_from_proto": {
                                                                    "total": 0.00033833800262073055,
                                                                    "count": 1,
                                                                    "is_parallel": true,
                                                                    "self": 0.00019290500495117158,
                                                                    "children": {
                                                                        "_process_rank_one_or_two_observation": {
                                                                            "total": 0.00014543299766955897,
                                                                            "count": 4,
                                                                            "is_parallel": true,