{
    "name": "root",
    "metadata": {
        "timer_format_version": "0.1.0",
        "start_time_seconds": "1618812910",
        "python_version": "3.7.3 (default, Oct  6 2020, 17:08:08) \n[GCC 7.5.0]",
        "command_line_arguments": "/home/jitesh/3d/Unity/projects/RL-Demo-0.3/venv/bin/mlagents-learn Assets/Config/config.yaml --run-id t1",
        "mlagents_version": "0.25.1",
        "mlagents_envs_version": "0.25.1",
        "communication_protocol_version": "1.5.0",
        "pytorch_version": "1.8.1+cu102",
        "numpy_version": "1.20.2",
        "end_time_seconds": "1618812980"
    },
    "total": 70.49336418700113,
    "count": 1,
    "self": 0.005646036002872279,
    "children": {
        "run_training.setup": {
            "total": 0.029462779999448685,
            "count": 1,
            "self": 0.029462779999448685
        },
        "TrainerController.start_learning": {
            "total": 70.45825537099881,
            "count": 1,
            "self": 0.5857286889659008,
            "children": {
                "TrainerController._reset_env": {
                    "total": 10.454674921002152,
                    "count": 1,
                    "self": 10.454674921002152
                },
                "TrainerController.advance": {
                    "total": 59.352299715028494,
                    "count": 6221,
                    "self": 0.06547940012751496,
                    "children": {
                        "env_step": {
                            "total": 59.28682031490098,
                            "count": 6221,
                            "self": 49.01120413108583,
                            "children": {
                                "SubprocessEnvManager._take_step": {
                                    "total": 10.21851266703743,
                                    "count": 6221,
                                    "self": 0.26484113301194157,
                                    "children": {
                                        "TorchPolicy.evaluate": {
                                            "total": 9.953671534025489,
                                            "count": 6221,
                                            "self": 3.541176716971677,
                                            "children": {
                                                "TorchPolicy.sample_actions": {
                                                    "total": 6.412494817053812,
                                                    "count": 6221,
                                                    "self": 6.412494817053812
                                                }
                                            }
                                        }
                                    }
                                },
                                "workers": {
                                    "total": 0.05710351677771541,
                                    "count": 6220,
                                    "self": 0.0,
                                    "children": {
                                        "worker_root": {
                                            "total": 69.80527609088676,
                                            "count": 6220,
                                            "is_parallel": true,
                                            "self": 24.991395573986665,
                                            "children": {
                                                "run_training.setup": {
                                                    "total": 0.0,
                                                    "count": 0,
                                                    "is_parallel": true,
                                                    "self": 0.0,
                                                    "children": {
                                                        "steps_from_proto": {
                                                            "total": 0.0006636310026806314,
                                                            "count": 1,
                                                            "is_parallel": true,
                                                            "self": 0.0003247230015404057,
                                                            "children": {
                                                                "_process_rank_one_or_two_observation": {
                                                                    "total": 0.0003389080011402257,
                                                                    "count": 4,
                                                                    "is_parallel": true,
                                                                    "self": 0.0003389080011402257
                                                                }
                                                            }
                                                        },
                                                        "UnityEnvironment.step": {
                                                            "total": 0.036786407999898074,
                                                            "count": 1,
                                                            "is_parallel": true,
                                                            "self": 7.965299664647318e-05,
                                                            "children": {
                                                                "UnityEnvironment._generate_step_input": {
                                                                    "total": 0.00012914100079797208,
                                                                    "count": 1,
                                                                    "is_parallel": true,
                                                                    "self": 0.00012914100079797208
                                                                },
                                                                "communicator.exchange": {
                                                                    "total": 0.03625517200271133,
                                                                    "count": 1,
                                                                    "is_parallel": true,
                                                                    "self": 0.03625517200271133
                                                                },
                                                                "steps_from_proto": {
                                                                    "total": 0.0003224419997422956,
                                                                    "count": 1,
                                                                    "is_parallel": true,
                                                                    "self": 0.00017842399756773375,
                                                                    "children": {
                                                                        "_process_rank_one_or_two_observation": {
                                                                            "total": 0.00014401800217456184,
                                                                            "count": 4,
                                                                            "is_parallel": true,