{
    "name": "root",
    "metadata": {
        "timer_format_version": "0.1.0",
        "start_time_seconds": "1618815985",
        "python_version": "3.7.3 (default, Oct  6 2020, 17:08:08) \n[GCC 7.5.0]",
        "command_line_arguments": "/home/jitesh/3d/Unity/projects/RL-Demo-0.3/venv/bin/mlagents-learn Assets/Config/config.yaml --train --force --run-id t3",
        "mlagents_version": "0.25.1",
        "mlagents_envs_version": "0.25.1",
        "communication_protocol_version": "1.5.0",
        "pytorch_version": "1.8.1+cu102",
        "numpy_version": "1.20.2",
        "end_time_seconds": "1618816407"
    },
    "total": 421.73278810499687,
    "count": 1,
    "self": 0.0056993600010173395,
    "children": {
        "run_training.setup": {
            "total": 0.028550998998980504,
            "count": 1,
            "self": 0.028550998998980504
        },
        "TrainerController.start_learning": {
            "total": 421.6985377459969,
            "count": 1,
            "self": 1.0449499743226625,
            "children": {
                "TrainerController._reset_env": {
                    "total": 26.825953040002787,
                    "count": 1,
                    "self": 26.825953040002787
                },
                "TrainerController.advance": {
                    "total": 393.74377608466966,
                    "count": 56710,
                    "self": 0.5320436996480566,
                    "children": {
                        "env_step": {
                            "total": 393.2117323850216,
                            "count": 56710,
                            "self": 328.0389667569725,
                            "children": {
                                "SubprocessEnvManager._take_step": {
                                    "total": 64.65597409757902,
                                    "count": 56710,
                                    "self": 1.4072391786939988,
                                    "children": {
                                        "TorchPolicy.evaluate": {
                                            "total": 63.24873491888502,
                                            "count": 29221,
                                            "self": 18.48549679448479,
                                            "children": {
                                                "TorchPolicy.sample_actions": {
                                                    "total": 44.76323812440023,
                                                    "count": 29221,
                                                    "self": 44.76323812440023
                                                }
                                            }
                                        }
                                    }
                                },
                                "workers": {
                                    "total": 0.5167915304700728,
                                    "count": 56709,
                                    "self": 0.0,
                                    "children": {
                                        "worker_root": {
                                            "total": 360.3736289394328,
                                            "count": 56709,
                                            "is_parallel": true,
                                            "self": 134.29133822783479,
                                            "children": {
                                                "run_training.setup": {
                                                    "total": 0.0,
                                                    "count": 0,
                                                    "is_parallel": true,
                                                    "self": 0.0,
                                                    "children": {
                                                        "steps_from_proto": {
                                                            "total": 0.0007537330020568334,
                                                            "count": 1,
                                                            "is_parallel": true,
                                                            "self": 0.0003272380054113455,
                                                            "children": {
                                                                "_process_rank_one_or_two_observation": {
                                                                    "total": 0.00042649499664548784,
                                                                    "count": 4,
                                                                    "is_parallel": true,
                                                                    "self": 0.00042649499664548784
                                                                }
                                                            }
                                                        },
                                                        "UnityEnvironment.step": {
                                                            "total": 0.042919020997942425,
                                                            "count": 1,
                                                            "is_parallel": true,
                                                            "self": 7.960999937495217e-05,
                                                            "children": {
                                                                "UnityEnvironment._generate_step_input": {
                                                                    "total": 9.15849996090401e-05,
                                                                    "count": 1,
                                                                    "is_parallel": true,
                                                                    "self": 9.15849996090401e-05
                                                                },
                                                                "communicator.exchange": {
                                                                    "total": 0.04247741300059715,
                                                                    "count": 1,
                                                                    "is_parallel": true,
                                                                    "self": 0.04247741300059715
                                                                },
                                                                "steps_from_proto": {
                                                                    "total": 0.0002704129983612802,
                                                                    "count": 1,
                                                                    "is_parallel": true,
                                                                    "self": 0.00012532499749795534,
                                                                    "children": {
                                                                        "_process_rank_one_or_two_observation": {
                                                                            "total": 0.00014508800086332485,
                                                                            "count": 4,
                                                                            "is_parallel": true,