{
    "name": "root",
    "metadata": {
        "timer_format_version": "0.1.0",
        "start_time_seconds": "1618826489",
        "python_version": "3.7.3 (default, Oct  6 2020, 17:08:08) \n[GCC 7.5.0]",
        "command_line_arguments": "/home/jitesh/3d/Unity/projects/RL-Demo-0.3/venv/bin/mlagents-learn Assets/Config/config.yaml --train --force --run-id t8",
        "mlagents_version": "0.25.1",
        "mlagents_envs_version": "0.25.1",
        "communication_protocol_version": "1.5.0",
        "pytorch_version": "1.8.1+cu102",
        "numpy_version": "1.20.2",
        "end_time_seconds": "1618826950"
    },
    "total": 460.7895127839947,
    "count": 1,
    "self": 0.005821028993523214,
    "children": {
        "run_training.setup": {
            "total": 0.03614058699895395,
            "count": 1,
            "self": 0.03614058699895395
        },
        "TrainerController.start_learning": {
            "total": 460.74755116800225,
            "count": 1,
            "self": 0.735425227889209,
            "children": {
                "TrainerController._reset_env": {
                    "total": 16.331889170003706,
                    "count": 1,
                    "self": 16.331889170003706
                },
                "TrainerController.advance": {
                    "total": 443.61230893510947,
                    "count": 37253,
                    "self": 0.39367820313054835,
                    "children": {
                        "env_step": {
                            "total": 443.2186307319789,
                            "count": 37253,
                            "self": 376.80215406394564,
                            "children": {
                                "SubprocessEnvManager._take_step": {
                                    "total": 66.04344357163063,
                                    "count": 37253,
                                    "self": 1.6467138594016433,
                                    "children": {
                                        "TorchPolicy.evaluate": {
                                            "total": 64.39672971222899,
                                            "count": 36944,
                                            "self": 23.671720473350433,
                                            "children": {
                                                "TorchPolicy.sample_actions": {
                                                    "total": 40.725009238878556,
                                                    "count": 36944,
                                                    "self": 40.725009238878556
                                                }
                                            }
                                        }
                                    }
                                },
                                "workers": {
                                    "total": 0.3730330964026507,
                                    "count": 37252,
                                    "self": 0.0,
                                    "children": {
                                        "worker_root": {
                                            "total": 459.8001575721646,
                                            "count": 37252,
                                            "is_parallel": true,
                                            "self": 110.52464436933951,
                                            "children": {
                                                "run_training.setup": {
                                                    "total": 0.0,
                                                    "count": 0,
                                                    "is_parallel": true,
                                                    "self": 0.0,
                                                    "children": {
                                                        "steps_from_proto": {
                                                            "total": 0.0007369949962594546,
                                                            "count": 1,
                                                            "is_parallel": true,
                                                            "self": 0.00037459300801856443,
                                                            "children": {
                                                                "_process_rank_one_or_two_observation": {
                                                                    "total": 0.0003624019882408902,
                                                                    "count": 4,
                                                                    "is_parallel": true,
                                                                    "self": 0.0003624019882408902
                                                                }
                                                            }
                                                        },
                                                        "UnityEnvironment.step": {
                                                            "total": 0.14419713799725287,
                                                            "count": 1,
                                                            "is_parallel": true,
                                                            "self": 8.45949980430305e-05,
                                                            "children": {
                                                                "UnityEnvironment._generate_step_input": {
                                                                    "total": 0.00011889699817402288,
                                                                    "count": 1,
                                                                    "is_parallel": true,
                                                                    "self": 0.00011889699817402288
                                                                },
                                                                "communicator.exchange": {
                                                                    "total": 0.14367661099822726,
                                                                    "count": 1,
                                                                    "is_parallel": true,
                                                                    "self": 0.14367661099822726
                                                                },
                                                                "steps_from_proto": {
                                                                    "total": 0.00031703500280855224,
                                                                    "count": 1,
                                                                    "is_parallel": true,
                                                                    "self": 0.0001781839964678511,
                                                                    "children": {
                                                                        "_process_rank_one_or_two_observation": {
                                                                            "total": 0.00013885100634070113,
                                                                            "count": 4,
                                                                            "is_parallel": true,