{
    "name": "root",
    "metadata": {
        "timer_format_version": "0.1.0",
        "start_time_seconds": "1618826276",
        "python_version": "3.7.3 (default, Oct  6 2020, 17:08:08) \n[GCC 7.5.0]",
        "command_line_arguments": "/home/jitesh/3d/Unity/projects/RL-Demo-0.3/venv/bin/mlagents-learn Assets/Config/config.yaml --train --force --run-id t7",
        "mlagents_version": "0.25.1",
        "mlagents_envs_version": "0.25.1",
        "communication_protocol_version": "1.5.0",
        "pytorch_version": "1.8.1+cu102",
        "numpy_version": "1.20.2",
        "end_time_seconds": "1618826389"
    },
    "total": 112.26436109199858,
    "count": 1,
    "self": 0.005415173007349949,
    "children": {
        "run_training.setup": {
            "total": 0.028446066993637942,
            "count": 1,
            "self": 0.028446066993637942
        },
        "TrainerController.start_learning": {
            "total": 112.23049985199759,
            "count": 1,
            "self": 0.13076411774818553,
            "children": {
                "TrainerController._reset_env": {
                    "total": 17.561732024005323,
                    "count": 1,
                    "self": 17.561732024005323
                },
                "TrainerController.advance": {
                    "total": 94.4563739382429,
                    "count": 6748,
                    "self": 0.06594613119523274,
                    "children": {
                        "env_step": {
                            "total": 94.39042780704767,
                            "count": 6748,
                            "self": 83.42695764909877,
                            "children": {
                                "SubprocessEnvManager._take_step": {
                                    "total": 10.899064403347438,
                                    "count": 6748,
                                    "self": 0.269831621015328,
                                    "children": {
                                        "TorchPolicy.evaluate": {
                                            "total": 10.62923278233211,
                                            "count": 6047,
                                            "self": 3.831703383300919,
                                            "children": {
                                                "TorchPolicy.sample_actions": {
                                                    "total": 6.797529399031191,
                                                    "count": 6047,
                                                    "self": 6.797529399031191
                                                }
                                            }
                                        }
                                    }
                                },
                                "workers": {
                                    "total": 0.06440575460146647,
                                    "count": 6747,
                                    "self": 0.0,
                                    "children": {
                                        "worker_root": {
                                            "total": 98.21581237918872,
                                            "count": 6747,
                                            "is_parallel": true,
                                            "self": 33.5852046307773,
                                            "children": {
                                                "run_training.setup": {
                                                    "total": 0.0,
                                                    "count": 0,
                                                    "is_parallel": true,
                                                    "self": 0.0,
                                                    "children": {
                                                        "steps_from_proto": {
                                                            "total": 0.0007116880005924031,
                                                            "count": 1,
                                                            "is_parallel": true,
                                                            "self": 0.00035031800507567823,
                                                            "children": {
                                                                "_process_rank_one_or_two_observation": {
                                                                    "total": 0.0003613699955167249,
                                                                    "count": 4,
                                                                    "is_parallel": true,
                                                                    "self": 0.0003613699955167249
                                                                }
                                                            }
                                                        },
                                                        "UnityEnvironment.step": {
                                                            "total": 0.13777647400274873,
                                                            "count": 1,
                                                            "is_parallel": true,
                                                            "self": 8.053300553001463e-05,
                                                            "children": {
                                                                "UnityEnvironment._generate_step_input": {
                                                                    "total": 9.039600263349712e-05,
                                                                    "count": 1,
                                                                    "is_parallel": true,
                                                                    "self": 9.039600263349712e-05
                                                                },
                                                                "communicator.exchange": {
                                                                    "total": 0.13727417499467265,
                                                                    "count": 1,
                                                                    "is_parallel": true,
                                                                    "self": 0.13727417499467265
                                                                },
                                                                "steps_from_proto": {
                                                                    "total": 0.00033136999991256744,
                                                                    "count": 1,
                                                                    "is_parallel": true,
                                                                    "self": 0.0001858019968494773,
                                                                    "children": {
                                                                        "_process_rank_one_or_two_observation": {
                                                                            "total": 0.00014556800306309015,
                                                                            "count": 4,
                                                                            "is_parallel": true,