{
    "name": "root",
    "metadata": {
        "timer_format_version": "0.1.0",
        "start_time_seconds": "1618819440",
        "python_version": "3.7.3 (default, Oct  6 2020, 17:08:08) \n[GCC 7.5.0]",
        "command_line_arguments": "/home/jitesh/3d/Unity/projects/RL-Demo-0.3/venv/bin/mlagents-learn Assets/Config/config.yaml --tensorflow --train --force --run-id t5",
        "mlagents_version": "0.25.1",
        "mlagents_envs_version": "0.25.1",
        "communication_protocol_version": "1.5.0",
        "pytorch_version": "1.8.1+cu102",
        "numpy_version": "1.20.2",
        "end_time_seconds": "1618820095"
    },
    "total": 655.7975253920013,
    "count": 1,
    "self": 0.005941409002844011,
    "children": {
        "run_training.setup": {
            "total": 0.030834837001748383,
            "count": 1,
            "self": 0.030834837001748383
        },
        "TrainerController.start_learning": {
            "total": 655.7607491459967,
            "count": 1,
            "self": 2.206111553525261,
            "children": {
                "TrainerController._reset_env": {
                    "total": 30.98299252200013,
                    "count": 1,
                    "self": 30.98299252200013
                },
                "TrainerController.advance": {
                    "total": 622.5077527574722,
                    "count": 94060,
                    "self": 0.8676122239194228,
                    "children": {
                        "env_step": {
                            "total": 621.6401405335528,
                            "count": 94060,
                            "self": 510.95080654451885,
                            "children": {
                                "SubprocessEnvManager._take_step": {
                                    "total": 109.8247788105109,
                                    "count": 94060,
                                    "self": 2.390311124170694,
                                    "children": {
                                        "TorchPolicy.evaluate": {
                                            "total": 107.43446768634021,
                                            "count": 49177,
                                            "self": 31.52630850620335,
                                            "children": {
                                                "TorchPolicy.sample_actions": {
                                                    "total": 75.90815918013686,
                                                    "count": 49177,
                                                    "self": 75.90815918013686
                                                }
                                            }
                                        }
                                    }
                                },
                                "workers": {
                                    "total": 0.8645551785230055,
                                    "count": 94059,
                                    "self": 0.0,
                                    "children": {
                                        "worker_root": {
                                            "total": 653.1742666641003,
                                            "count": 94059,
                                            "is_parallel": true,
                                            "self": 211.97335094694427,
                                            "children": {
                                                "run_training.setup": {
                                                    "total": 0.0,
                                                    "count": 0,
                                                    "is_parallel": true,
                                                    "self": 0.0,
                                                    "children": {
                                                        "steps_from_proto": {
                                                            "total": 0.0006913300021551549,
                                                            "count": 1,
                                                            "is_parallel": true,
                                                            "self": 0.00033711600553942844,
                                                            "children": {
                                                                "_process_rank_one_or_two_observation": {
                                                                    "total": 0.0003542139966157265,
                                                                    "count": 4,
                                                                    "is_parallel": true,
                                                                    "self": 0.0003542139966157265
                                                                }
                                                            }
                                                        },
                                                        "UnityEnvironment.step": {
                                                            "total": 0.0625835949977045,
                                                            "count": 1,
                                                            "is_parallel": true,
                                                            "self": 7.622699558851309e-05,
                                                            "children": {
                                                                "UnityEnvironment._generate_step_input": {
                                                                    "total": 9.128500096267089e-05,
                                                                    "count": 1,
                                                                    "is_parallel": true,
                                                                    "self": 9.128500096267089e-05
                                                                },
                                                                "communicator.exchange": {
                                                                    "total": 0.062159155000699684,
                                                                    "count": 1,
                                                                    "is_parallel": true,
                                                                    "self": 0.062159155000699684
                                                                },
                                                                "steps_from_proto": {
                                                                    "total": 0.00025692800045362674,
                                                                    "count": 1,
                                                                    "is_parallel": true,
                                                                    "self": 0.00011824100147350691,
                                                                    "children": {
                                                                        "_process_rank_one_or_two_observation": {
                                                                            "total": 0.00013868699898011982,
                                                                            "count": 4,
                                                                            "is_parallel": true,